user_id_str,whether_active
89107116,no
89633357,no
585782554,no
763375765253652480,no
793640186504581120,no
283168534,no
6927562,no
160326340,no
20561973,no
283608923,no
274333027,no
321612832,no
575390754,no
57095546,no
2920941247,no
41827055,no
498757115,no
2323965066,no
236779140,no
833345197,no
4104563953,no
174116522,no
2834315883,no
48958647,no
48802475,no
1722359618,no
24290236,no
14500782,no
19467470,no
2900142090,no
1056873374,no
158697330,no
87287475,no
1526616858,no
61416061,no
821399311,no
24544757,no
352692105,no
500147183,no
6836922,no
271998432,no
18374624,no
1410524233,no
150359654,no
456626222,no
288471472,no
4264297743,no
784352583490105344,no
255212968,no
81397139,no
53998563,no
2977932921,no
3923649083,no
41337472,no
2316449398,no
2460952989,no
45750321,no
1382868224,no
84875337,no
3148118937,no
2682185777,no
165085783,no
777881429715914752,no
23319527,no
532130811,no
42733929,no
1737749366,no
794007645912961024,no
14674489,no
2987267241,no
111327910,no
413029705,no
61704955,no
1076442812,no
81670256,no
2231321,no
2663288658,no
62364020,no
2886602575,no
20842436,no
75842615,no
268351530,no
579275009,no
123986777,no
808338818,no
18807516,no
121991229,no
104940730,no
736942125955350530,no
765878594,no
252739080,no
110305499,no
274626047,no
53913680,no
61332132,no
284108610,no
418871874,no
81329096,no
767338929112567809,no
2752505106,no
23850653,no
795673533691133953,no
3254266661,no
2571866154,no
7284492,no
259388933,no
21000531,no
771120017257660416,no
276434233,no
474807036,no
134224628,no
46650229,no
39189100,no
136309879,no
20023001,no
3152925899,no
531647275,no
295914126,no
22371039,no
142965641,no
2993436715,no
131310401,yes
39879878,no
318002294,no
24775585,no
17423469,no
781631378416807936,no
268256709,no
173123534,no
1024124958,no
21024374,no
48893323,no
2261733470,no
436219503,no
182757818,no
3309954151,no
19022627,no
85167720,no
20869961,no
434558465,no
44602971,no
332932185,no
11706452,no
2950644171,no
41338557,no
175343365,no
354611961,no
20191009,no
88516314,no
130517879,no
456989537,no
308024982,no
3628134922,no
855141854,no
3526380922,no
203597952,no
101496743,no
264910184,no
482233945,no
20244677,no
2416321346,no
563627820,no
361497049,no
27406845,no
28314729,no
4686732030,no
752172830234710017,no
357675381,no
42674100,no
800007889582694401,no
786296705264287744,no
1341576906,no
162240752,no
68113538,no
3398096555,no
19775711,no
72877928,no
54751476,no
2466234432,no
860782586,no
436385083,no
29894847,no
125549164,yes
415455132,no
35989093,no
64073573,no
32174106,no
616447014,no
78216781,no
2424105440,no
2745563227,no
731106299304398848,no
80467416,no
256444816,no
1341621092,no
701434220615438337,no
30447345,no
2171500111,no
16850092,no
123932503,no
790765936278052865,no
284371894,no
472271131,no
79266671,no
2953950819,no
113181276,no
333867039,no
31453996,no
62059958,no
1600931,no
57791793,no
11363412,no
3307658450,no
762772054408069121,no
277189332,no
2266880004,no
4214204713,no
413904346,no
807283112,no
324356017,no
94713291,no
69474850,yes
2832857027,no
75172312,no
3011672346,no
1400566585,no
2322987994,no
145940316,no
478954545,no
1255519657,no
20070088,no
3310693859,no
551681039,no
19159242,no
27247006,no
848267570,no
873296534,no
20545576,no
296102483,no
19383954,no
130562268,no
1361280048,no
930517196,no
228025464,no
522477612,no
196651500,no
19860569,no
92506401,no
32884145,no
2282717091,no
207189742,no
749747076,no
24216944,no
201886488,yes
58755445,no
277929489,no
12096932,no
4091227407,no
98177499,no
51786873,no
13789392,no
720631451595730944,no
176780438,no
78846651,no
4655632529,no
23422003,no
2614781971,no
60359323,no
2612742854,no
305758331,no
19722043,no
61067371,no
89237396,no
4366491613,no
19280072,no
3378924153,no
4028697493,no
2582743346,no
275892665,no
3230421368,no
379112521,no
757246957056253952,no
542785859,no
570103667,no
19585408,no
60145892,no
309757122,no
100468594,yes
84665487,no
2325520489,no
27226843,no
35651309,no
530991166,no
710965726056583169,no
2380004989,no
3319518766,no
2561785215,no
21096258,no
552184008,no
107424408,no
37457768,no
591804599,no
106795900,no
757034374902743040,no
1640461520,no
715130976935026688,no
3264700257,no
54225272,no
381925289,no
2335975452,no
1396008896,no
3183453890,no
136877426,no
918742332,no
52452960,no
727561060895625216,no
61000189,no
388201143,no
247129746,no
541924628,no
23029619,no
170900763,no
3266548591,no
1553335416,no
317235089,no
540976841,no
250290906,no
166723839,no
16185203,no
54624374,no
1849660280,no
152122529,no
300526090,no
1347081,no
2213419554,no
455290024,no
133795300,no
55553419,no
137123695,no
1475688288,no
2516314615,no
4766733902,no
718368762,no
303123367,no
76584269,yes
167684507,no
176923496,no
39547724,no
177649464,no
43760416,no
1151687198,no
54661186,no
85128221,no
3240996641,no
2846379856,no
748922032826580993,no
4146493673,no
1485862291,no
2995578334,no
922660980,no
3254261406,no
238383742,no
390400826,no
15598558,no
833566544,no
28345343,no
3533658673,no
53506552,no
96411400,no
98891641,no
1228051986,no
100049952,no
30949647,no
537274283,no
351806152,yes
69316878,no
224131376,no
106546836,no
38240110,no
75810365,no
540932531,no
56209539,no
1420997119,no
23004663,no
43370459,no
29547017,no
79095526,no
2743293411,no
226735349,no
292071548,no
3110395221,no
892823126,no
21005195,no
729352392425213952,no
30747247,no
226708917,no
3456385393,no
715369814399778816,no
248235102,no
709958425908809728,no
40435842,no
64847604,no
2561996790,no
2908713154,no
753154724,no
24233106,no
438009515,no
256957064,no
14752991,no
2199664468,no
255430770,no
396549156,no
746637564,no
28070351,no
57340573,no
247894564,no
1476338503,no
46470202,no
31343615,no
44668641,no
159569470,no
3853747515,no
188531618,no
2984153235,no
702163844601401344,no
1722723162,no
22620182,no
401011569,no
33999732,no
56141349,no
414352797,no
305115472,no
37642702,no
4388365033,no
149248906,no
26517382,no
409350670,no
141214344,no
19315352,no
756663585707667457,no
166096228,no
218064209,no
35897341,no
48855264,no
604972614,no
65937170,no
14775460,no
2346810774,no
79590645,no
386603440,no
22303606,no
84303818,no
15706176,no
305962586,no
66747704,no
138978328,no
115533837,no
348007485,no
71457972,no
2820871918,no
56210818,no
92895763,no
1328586871,no
95240527,no
1498050319,no
752064640918495232,no
567487989,no
2234079518,no
2645665930,no
14472490,yes
1865390934,no
2837576560,no
177279835,no
3293635331,no
101076998,no
305562060,no
15198621,no
440112217,no
1149291,no
68716925,no
76070501,no
162537044,no
20433550,no
1099337910,no
287507644,no
2803445864,no
2256395042,no
22434667,no
749383153937244164,yes
2254085371,no
268325835,no
14550524,no
107720018,no
342777643,no
1451144844,no
96185933,no
42884086,no
20224244,no
494206677,no
786825663822954496,no
87093720,no
2437510734,no
3145509142,no
1154173362,no
509562394,no
43098053,no
343400040,no
392979982,no
1418181036,no
25106749,no
2875412410,no
277981152,no
69997985,no
265069320,no
2497727850,no
1437440348,no
3234250197,no
39936715,no
1734174698,no
87117683,no
406888732,no
429145193,no
2544056160,no
27071566,no
181995668,no
886604275,no
494209673,no
234427381,no
61645110,no
2397689268,no
2684411207,no
3147697390,no
776868277444378624,no
4558888055,no
532670919,no
184327617,no
462183860,no
61751514,no
400384411,no
346830435,no
50738554,no
27319967,no
33983638,no
473225956,no
261643909,no
15553634,no
1240846296,no
142201059,no
127537708,no
90344035,no
15363966,no
2856399197,no
1089848792,no
521294236,no
16464218,no
307360094,no
716422278922313728,no
3898341375,no
371729504,no
38483405,no
307277058,no
17723801,no
1438929086,no
613397647,no
462129514,no
772509729620946944,no
298927029,no
77802227,no
164050933,no
39866523,no
382555405,no
3258741314,no
2980928403,no
1015987736,no
565815554,no
433114728,no
23067380,no
358321807,no
25773642,no
1111978806,no
3318676735,no
6444622,no
15737594,no
100339412,yes
483534529,no
711911823180701696,no
1406113056,no
51705596,no
18435372,yes
40579242,no
33867511,no
762658755670577153,no
92598789,no
727072419563851777,no
19800892,no
26071574,no
1194213805,no
3877071439,no
396796435,no
137685030,no
4252076728,no
72342053,no
1140305274,no
15154216,no
561696170,no
3255474476,no
21265639,no
3336781149,no
39034193,no
263063213,no
141982530,no
15142607,no
94343337,no
9517462,no
1912262491,no
3104877003,no
151492311,no
72333951,no
937815072,no
326419526,no
140502350,no
3285473358,yes
54311555,no
98434540,no
2219985456,yes
2980059869,no
449556346,no
184341382,no
738348487,no
208750719,no
46021688,no
705482779589533698,no
2935131893,no
712609620,no
2872088193,no
37031664,no
250182550,no
741122089,no
1311229880,no
15425623,no
3410461455,no
701959850524172289,no
1122913464,no
272773145,no
115394346,no
711115431206068224,no
256778398,no
195367887,no
90812323,no
485239651,no
1202418104,no
2985785456,no
3226911791,no
554493417,no
156171571,no
467554781,no
64988324,no
1584883788,no
509,no
133172077,no
175909588,no
42013343,no
2422427690,no
20633844,no
197396105,no
90723248,no
150532059,no
788834626827653120,no
122824390,no
1065978944,no
2392733896,no
133463777,no
589136523,no
1375840513,no
1959727118,no
303050486,no
41440120,no
798972200439128064,no
43246261,no
22384158,no
2448695598,no
155003641,no
1666520694,yes
1209614366,no
314200747,no
2347212330,no
221125308,no
2865211326,no
761671164,no
1856634302,no
299195185,no
1188749005,no
376989915,no
791082112967319552,no
246569534,no
783001799380774912,no
294607130,no
94809536,no
27732663,no
14413853,no
394945596,no
325967224,no
144781839,no
106226202,no
4874294056,no
15207529,no
2804124909,no
112260814,no
2843246140,no
1670962626,no
620214487,no
249190612,no
453209717,no
611331270,no
98863587,no
3257994684,no
2345649007,no
497260242,no
3308262144,no
2561987932,no
1292291383,no
105380969,no
29632854,no
155580590,no
718156061794959361,no
413488100,no
1432735982,no
2940118313,no
2554609460,no
305586681,no
46182315,no
69329991,no
287133343,no
14430913,no
16223638,no
244127595,no
17782870,no
248336674,no
188509369,no
795646632943636481,no
236855399,no
56629665,no
3257076961,no
781212698,no
351123880,no
2995736386,no
39143913,no
2838870535,no
405571289,no
2663691679,no
14874668,no
2335238040,no
3267792744,no
1919676506,no
24877304,no
180018195,no
798630247868592128,no
54941507,no
1694032592,no
146850968,no
2586648276,no
17641725,no
96399442,no
757353953935790080,no
1524849332,no
4517725215,no
15007269,yes
17804034,no
123058781,no
603939924,no
103958741,no
44896645,no
2800458616,no
1036308488,yes
121843006,no
177602645,no
2512416025,no
4911969983,no
152753004,no
1382631883,no
339825758,no
394339719,no
153682905,no
777593585629814784,no
1169020747,no
1442257567,no
14799621,no
361176156,no
4082173048,no
796919054174916609,no
332899706,no
747496426742099968,no
403583420,no
29556607,no
56937718,no
20843034,no
33823980,no
17097333,no
292512245,no
223659436,no
342952183,no
878083386,no
41701156,no
1684636556,no
6456692,no
2810344255,no
42223408,no
476517739,no
545272193,no
1327014067,no
752848767510978560,no
277753847,no
2725396884,no
167760162,no
41651301,no
83636706,no
202408813,no
126198197,no
735949802555494401,no
10766,no
15485578,no
759078231282638848,no
2392150831,no
259786473,no
275685385,no
120068456,no
2790889266,no
170591589,no
508281458,no
128924589,no
4077359177,no
90212179,no
2800223095,yes
22129918,no
616764708,no
35351010,no
3011852838,no
2513763727,no
235256727,no
37951028,no
596781268,no
130224308,no
70389188,no
71190470,no
282751621,no
794865427000107008,no
1579149218,no
72660744,no
122159107,no
783283774553325570,no
133797586,no
18017497,no
6382412,no
46990412,no
172524748,no
20758545,no
51062231,no
23351567,no
2148935052,no
75926289,no
283536994,no
44925306,no
408023435,no
14558447,no
628687287,no
880638594,no
471592068,no
53772526,no
222723850,no
545014407,no
16082982,no
16790101,no
204924508,no
14457833,no
400160847,no
2811064347,no
230699246,no
346821008,no
1563419432,no
525954482,no
102693073,no
513440750,no
876278060,no
190832428,no
720331094,no
2228056004,no
107008766,no
234004339,no
52669647,no
22078940,no
1107690745,no
16069130,no
983281195,no
114062496,no
3075491106,no
217888370,no
43202905,no
51787031,no
5371602,no
2708504166,no
2474742326,no
608713118,no
73518272,no
3146735425,no
4867201349,no
123395375,no
1062363906,no
749279630,no
372417112,no
2251217125,no
402865442,no
150899457,no
3309404462,no
17039457,no
48999832,no
3073354949,no
134152350,no
453590509,no
1561239990,no
113948965,no
2523514141,no
2717299938,no
4133902939,no
1141189604,no
349033999,no
182501174,no
26002541,no
50358415,no
3245093197,no
47678631,no
65798263,no
32610814,no
52153129,no
2810379978,no
17718528,no
41782418,no
416563129,no
124378584,no
359364900,no
21267682,no
44737051,no
90924839,no
29928368,no
44878870,no
2317909435,no
2998699971,no
180746428,no
1025480738,no
3523578387,no
171850503,no
2447979388,no
123786840,no
313007804,no
448198240,no
21994406,no
387400640,no
116193719,no
561325465,no
122131791,no
74996434,no
22830586,no
20075370,no
20343872,no
1148946805,no
66370007,no
297504225,no
61141419,no
139661734,no
2544451983,no
3025026268,no
217279145,no
24177500,no
398292491,no
51905480,no
42371747,no
30055872,no
112985258,no
156028949,no
17812154,no
1671883141,no
2936795944,no
366433397,no
774275636101873668,yes
58878430,no
705096776,no
46165529,no
327014020,no
250322589,no
20112896,no
180035049,no
763115817462530048,no
48487340,no
619575922,no
97424433,no
252708604,no
291033211,no
540744250,no
40847171,no
96779709,no
331483931,no
258781911,no
395028940,no
3748708212,no
273346406,no
145641469,no
28627322,no
90101032,no
753488555071070208,no
20935108,no
23048016,no
858441744,no
21901481,no
4235379560,no
163170036,no
196309405,no
19561280,no
79697957,no
17405012,no
37427112,no
15804019,no
192999357,no
71098947,no
17424831,no
2174216995,no
1655129347,no
273988875,no
29698415,no
3057228958,no
73416807,no
821125016,no
2244462676,no
358265157,no
795688135208370177,no
2800056331,no
726550880,no
97534492,no
703273536073441281,no
308095918,no
65790471,no
270375787,yes
148965893,no
22755173,no
561409918,no
191183707,no
2784724098,no
100523546,no
389992849,no
65332022,no
3127117599,no
86866410,no
2193153876,no
427609692,no
197915110,no
183185916,no
229519907,no
157082557,no
3339277875,no
946760586,no
959783083,no
1442384731,no
3312418358,no
97207982,no
16950004,no
28020360,yes
773042000060874752,no
267134567,no
706484538910715908,no
14348618,no
349381846,no
1307262936,no
21671483,no
300931329,no
1056165000,no
2535272502,no
713949712194215938,no
114785935,no
2805689886,no
723339836757827590,no
937472923,no
54641026,no
26619513,yes
17187670,no
1118151961,no
54528620,yes
1464721,no
3112329991,no
2347127078,no
135502850,no
245974375,no
414199689,no
20440954,no
111618370,no
718148253154455553,no
795994325666643972,no
18560045,no
329304994,no
211419571,no
3020447602,no
37765689,no
79665915,no
320363828,no
206632031,no
789689215059578882,no
4708543042,no
2208324335,no
466587271,no
3968479217,no
2259952085,yes
706916183044395008,no
17660203,no
77238643,no
3053425841,no
800070297743282176,no
212376850,no
452934396,no
1426285704,yes
1399965709,yes
82018203,no
3346971111,no
15212202,no
2482688934,no
2508603106,no
4672171753,no
118332705,no
487876567,no
1002186955,no
2531506076,no
410791784,no
171240785,no
45151921,no
2358968898,no
2163554173,no
92751394,no
2595468091,no
91869181,no
625628428,no
55526305,no
796801011994296320,no
2351435020,no
2293516421,no
380538425,no
1017546403,no
32653092,no
40936936,no
19436808,no
58433580,no
312837010,no
1511378161,no
170667264,yes
22209374,no
800029778539663366,no
133331869,no
397583631,no
1942005980,no
284317659,no
789291508939784196,no
20066854,no
87007083,no
243288465,no
205418510,no
3342756442,no
446149900,no
2354303918,no
186287415,no
689443,no
31094419,no
175093585,no
26485105,no
16073359,no
862764198,no
370108024,no
135975848,no
445000916,no
1000196282,no
1474235352,no
5514852,no
1406012990,no
76753769,no
2518442961,no
117139769,no
791477384,no
264218502,no
2573219121,no
189975748,no
843798637,no
750926251,no
1107810144,no
2865621935,no
253658469,no
245559934,no
229286414,no
456890740,no
796428966,no
37302778,no
6429282,no
50978209,no
20146280,no
94971943,no
459386427,no
326928579,no
2502172122,no
174156582,no
315105182,no
20815886,no
31343671,no
347780670,no
19919515,yes
73097498,yes
1186727431,no
773045604326993920,no
20193668,no
145332416,no
2478991942,no
4153127565,no
175085417,no
2216088554,no
17000855,no
750161892878852097,no
798244676268597248,no
90495964,no
1368629880,no
15115595,no
223831554,no
938956316,no
23612270,no
28834961,no
266200679,no
71146024,no
143612332,no
292045747,no
468731640,no
365367615,no
4351459753,no
7287622,no
481567669,no
307071884,no
103623830,no
204458885,no
158747192,no
20931073,no
751309743000518656,no
772157352732684288,no
2286457988,no
54716547,no
95440086,no
320909030,no
707026269,no
101281106,no
102453470,no
1191357403,no
2834723770,no
17996188,no
21064452,yes
387355633,no
555190281,no
394875828,no
30303221,no
25190571,no
54005591,no
798999418103939072,no
2340821,no
2986338112,no
58508534,no
18915932,no
3028486809,no
43352250,no
451426681,no
46632791,no
252352391,no
2381737553,no
15505194,no
27340833,no
437001171,no
1324097502,no
9936112,no
464894610,no
785335641567399936,no
55693415,no
2288667011,no
1118925529,no
283334613,no
294643011,no
387870914,no
228995373,no
491333442,no
24355783,no
27874867,no
1689125262,no
136371386,no
860548147,no
3388544465,no
2299229156,no
707234457577779200,no
14839627,no
14881631,no
2921269699,no
810995676,no
721786338681311233,no
308360852,no
714410708654493696,no
1518478992,no
119164502,no
392591095,no
1376943360,no
58875334,no
359299986,no
2854616179,no
393362049,no
3621489796,no
46741199,no
14498026,no
23808818,yes
23730399,no
131126857,no
70479645,no
20175594,no
136436560,no
1180696620,no
1130438024,no
20626654,no
15168641,no
56732353,no
415511628,no
29160776,no
17130680,no
227910163,no
2413842998,no
780540098,no
2872381,no
813888230,no
71065435,no
3241714097,no
329542960,no
132298807,no
14179329,no
4739186597,no
217478505,no
87177444,no
8864572,no
532095415,no
254758221,no
3258909594,no
180951047,no
4034191077,no
140738682,yes
386807990,no
151616339,no
75201888,no
503364751,no
208449488,no
891927086,no
57322834,no
158471550,no
25976103,no
287128801,no
98873458,no
452284120,no
14185846,no
3090172054,no
97610175,no
36473056,no
258933234,no
6798862,no
490268144,no
882080665,no
2244024631,no
86338748,no
25178941,no
233312787,no
392214845,no
107000096,no
264641850,no
336713711,no
479521185,no
395109057,no
57148953,no
460620990,no
130496112,no
63802295,no
1152863588,no
22533553,no
20138264,no
854950676,no
353404797,no
857286540,no
108743064,no
432631977,no
3295873235,no
232254662,no
320989396,no
15719115,no
86524944,no
4453132222,no
29949567,no
2402058558,no
375712053,no
259875880,no
2303638746,no
21420819,no
2974841467,no
732256913027530753,no
49989431,yes
104494262,no
801096320,no
40768676,no
1385160163,no
326029626,no
794888433885810688,no
2562289441,no
2608208330,no
97781741,no
64743971,no
404436447,no
962231755,no
40040544,no
714357594429624320,no
294783981,no
2457511662,no
359166210,no
2455549007,no
2150967346,no
43623328,no
1567605745,no
123025723,no
2355673955,no
1460207450,no
768163776898142208,no
236217329,no
46098408,no
167464956,no
124853095,no
826284212,no
37907842,no
3973937112,no
872616324,no
97011860,no
23149177,no
399037881,no
599531261,no
1298178577,no
556734588,no
64555987,no
93680887,no
36297302,no
22931421,no
49577715,no
14734628,no
58427247,no
118136394,no
148232923,no
213370726,no
3297107447,no
402301033,no
15397836,no
97655036,no
32071786,no
248931197,no
2987648555,no
48198318,no
1034054106,no
81803977,no
26430142,no
728704406779248640,no
565729091,no
768856,no
4062613199,no
39537029,no
2378061333,no
93365182,no
796372773593579525,no
44678898,no
125855207,no
2669215596,no
15605226,no
885336408,yes
617875930,no
336941297,no
976602654,no
42553619,no
82056678,no
555518975,no
251295443,no
14714640,no
272995993,no
91858249,no
583640509,no
1176304364,no
3190925202,no
400974596,no
1535171107,no
89854308,no
28470566,no
220789658,no
860387348,no
266828930,no
17824489,no
458070658,no
2572375764,no
535015099,no
69203404,no
733409848927223808,no
164955773,no
25318115,no
80350713,no
783170774592987136,no
2994094181,no
17704456,no
2522487799,no
2221463849,no
2763269797,no
63904387,no
2969821001,no
721517433538916352,no
351511746,no
20250863,no
21958732,no
922302955,yes
531458507,no
56453126,no
2551073557,no
623948688,no
14993218,no
789256404,no
129433156,no
195448833,no
1543185697,yes
81925617,no
14219242,no
241148749,no
24166540,no
367539891,no
102098295,no
109957012,no
603129960,no
73776973,no
713410649578049536,no
28552211,no
168142515,no
254079073,no
36116604,no
253242925,no
1040604872,no
94114912,no
3230947374,no
1695720008,no
166950381,no
563320158,no
44353233,no
137296976,no
1203174451,no
422289251,no
768319670562594816,no
315847121,no
372078518,no
741766918047203328,no
2574384075,no
547837199,no
2450686806,no
769833799098241024,no
429016990,no
41451604,no
619427787,yes
374438999,no
1202660983,no
703551459783118848,no
1247390532,no
784232940045635588,no
415732114,no
190570700,no
3027673627,no
571839701,no
696454631124299776,no
721033320,no
1600602589,no
711572356699783169,no
803780191,no
44197320,no
789767226249412608,no
216030405,no
603712296,no
2411748420,no
24850198,no
55858730,no
22385768,no
394036840,no
2811396564,no
112057112,no
319061349,no
724189970,no
100054985,no
23846387,no
3065043675,no
15428835,no
1018357106,no
2811506728,no
381542391,no
420319071,no
227772504,no
746244253995642880,no
541437705,no
209210272,no
15597321,no
262348622,no
2326748376,no
48626994,no
28579374,no
2613132308,no
103173046,no
241735926,no
182179968,no
796067705832886272,no
19230970,no
267266289,no
268535433,no
318392592,no
61149346,yes
350880926,no
4279312353,no
181122515,no
549018771,no
118136258,no
2675385103,no
768738865,no
1552913352,no
101599701,no
223570235,no
164729685,no
20066293,no
604322953,no
2508971409,no
13342982,no
399724771,no
430321074,no
39110593,no
742055695302983680,no
63484106,no
7842092,no
757002082016595968,no
74750919,no
727607632026963968,no
130880279,no
1125508832,no
786325716275195908,no
58836858,no
25909668,no
2354630936,no
257376764,no
305560776,no
21112079,no
479445356,no
225372484,no
953901134,no
388545701,no
111154233,no
101817037,no
1393820892,no
283687814,no
754921332,no
13740992,no
72938553,no
309890984,no
162340562,no
43679357,no
46921021,no
3892397657,no
20895205,no
415057218,no
171696906,no
276409190,no
26635131,no
120555720,no
526225187,no
1331382218,no
709304977,no
54303638,no
358553200,no
1086521000,no
313555125,no
603283521,no
1088444370,no
621238825,no
190543244,no
377527019,no
446742802,no
46228767,yes
70380059,no
1483276698,no
794799844913246208,no
163234448,no
22065705,no
18912992,no
1002018746,no
329078332,no
8803432,no
2428683302,no
128488970,no
119882978,no
268840105,no
271780092,no
14628431,no
337037506,no
15800559,no
180361172,yes
1432265624,no
96721010,no
2463479774,no
2231539655,no
100209462,no
450676096,yes
201373006,no
105841500,no
2376877178,no
376126981,no
2972155870,no
142245903,no
755080,no
3154978622,no
3227268308,no
377038855,no
1464784302,no
154961337,no
44369828,no
728401627,no
3157739056,no
163148814,no
493941380,yes
704345455342313472,no
289396177,no
112354863,no
17625406,no
43557159,yes
2205388434,no
15382897,no
15125017,no
34175835,no
746695081642561536,no
3308671617,no
27830952,no
115487106,no
367905176,no
2835401918,no
1426169557,no
702926112586915840,no
617939434,no
1517391378,no
58544041,no
224221367,no
608663,no
79260733,no
2163213144,no
3104054881,no
213676804,no
2608444667,no
41657472,no
342698681,no
367830387,no
703794552151384064,no
1974766471,no
302140545,no
274498719,no
821754,no
215234691,no
789101445622616064,no
360958018,no
2462408257,no
319263865,no
383913730,no
302134862,no
2833719035,no
306561536,no
59253562,no
2372082613,no
122672833,no
733398318353514496,no
155180349,no
2825383630,no
309103324,no
20376877,no
46908882,no
24530914,no
1241883061,no
113988552,no
305434615,no
361313983,no
516304987,no
1342890242,no
443620080,no
75590204,no
436735777,no
354568770,no
43745768,no
6125442,no
329311529,no
30765106,no
200247517,no
19971779,no
3196213653,no
126296982,no
4708108637,no
51824516,no
17030728,no
74479455,no
405164703,no
112758097,no
1885983194,no
964771512,no
49144656,no
798620239,no
461595055,no
209542391,no
216660177,no
583167077,no
2861463970,no
49066801,no
173143092,no
1239473694,no
27515564,no
138508778,no
3314749976,no
89387618,no
40587458,no
1081254876,no
17810847,no
14390535,no
2998739713,no
18892333,no
376854086,no
413233775,no
4666990218,no
29579566,no
556203794,no
71992801,no
221622379,no
47894846,no
4297936101,no
456904837,no
179958861,no
243576204,no
84306077,no
4548191940,no
25113236,no
2324935400,no
48857727,no
746745576,no
33989747,no
11798342,no
92923106,no
4811140587,no
1870505275,no
22369099,no
16002149,no
1200603446,no
27847210,no
14395933,no
762703321,no
114130230,no
288858454,no
1679087676,no
1275164778,no
18628395,no
192927713,no
4689520165,no
456262193,no
145579921,no
2725725450,no
36679173,no
21689397,no
2395255403,no
14715811,no
391010001,no
166228605,no
41706212,no
722550085222035456,no
3741403168,no
588631377,no
88743331,no
11579862,no
761839268335542272,no
16927781,no
1870500607,no
3897672857,no
191023805,no
462861368,no
323149948,no
2025531,no
3234664235,no
2210273923,no
35323518,no
15525392,no
2774671460,no
25707603,no
85689253,no
550250804,no
355118296,no
3336757245,no
44579937,no
176594328,no
3016905330,no
872709084,no
99585597,no
357587671,no
1384473733,no
32947886,no
2965897030,no
1408158571,no
48395069,no
89900424,no
83318092,no
16974098,no
28849765,no
1596597066,no
15966805,no
290491336,no
25579093,no
27495132,no
220351462,no
1089744487,no
16446755,no
198172229,no
277514568,no
10277422,no
2825890017,no
272905334,no
1110121513,no
123138418,no
79436911,no
154600632,no
181163587,no
222449438,no
2328418490,no
3119795147,no
1066322480,no
71548087,no
480064705,no
31380384,no
544573543,no
21651074,yes
267423926,no
1124757457,no
551360912,no
311141365,no
39236354,no
3295839460,no
102051985,no
269474726,no
44722841,no
472302309,no
493728966,no
59156981,no
167129822,no
450442747,no
147258286,no
994686457,no
149431832,no
4245183196,no
7765902,no
898250437,no
55197678,no
273795832,no
847795915,no
288278707,no
61149862,no
2920097186,no
23452175,no
25214566,no
552516584,no
46898921,no
362766414,no
3025478429,yes
302648885,no
50161259,no
3221481337,no
19585689,no
19241818,no
1337220458,no
367730005,no
3409148482,no
72914992,no
20728256,no
70992561,no
470553237,no
114712087,no
23758349,no
781553268,no
153985889,no
528138404,no
82540032,no
18784961,no
464652528,no
150627187,no
1111512332,no
362570313,no
280219418,no
29273957,no
303571901,no
2960615859,no
14742294,no
914799030,no
78055287,no
815520854,no
2376052310,no
751948049925214208,no
2158778141,no
220762947,no
106799492,no
15075643,no
885649502,no
162914061,no
88709529,yes
487962424,no
214875930,no
39503485,no
385225560,no
841901120,no
16406450,no
26103360,no
197914951,no
341782336,no
115477169,no
629386380,no
2359888806,no
1573702586,no
3492828133,no
39941523,no
19227346,no
303200950,no
145108983,no
1460017836,no
757605,no
2610379644,no
14169855,no
64556019,no
153994363,no
2151075041,no
36909163,no
19157202,no
19026070,no
1431493604,no
2618842076,no
3293619897,no
247823511,no
742318445253906433,no
354420398,no
29564945,no
465813458,no
1894314398,no
937386000,no
189583055,no
24655213,no
101782427,no
145552068,no
274670671,no
456184129,no
633260448,no
4185399737,no
23168294,no
95380006,no
5979042,yes
17248402,no
730805019793084417,no
17089287,no
238865844,no
20102540,no
463873324,no
1306172023,no
180014124,no
11305532,no
273959262,no
73315972,no
72916147,no
19427976,no
491556203,no
52067867,no
718033847930097664,no
14178066,no
16898014,no
3091815276,no
130804711,no
143901353,no
385986441,no
378076456,no
19273402,no
15512995,no
19303702,no
350388660,no
1471351405,no
3178584881,no
77475480,no
57795702,no
2492062310,no
524732951,no
752434454,no
40078503,no
1180539758,no
123063443,no
185954790,no
2998667868,no
4880556981,no
551812896,no
51687101,no
4701786715,no
16279527,no
119307352,no
621122837,no
65138263,no
14943648,no
188397745,no
883435735,no
19533744,no
194235018,no
703177316222894080,no
764956609,no
741559425866010624,no
252253953,no
3229780178,no
357888999,no
38410095,no
2348189241,no
789133766,no
1056009025,no
2847886928,no
1908777942,no
175756541,no
471697777,no
39509314,no
2994564113,no
4889990293,yes
11835212,no
2234018858,no
215568590,no
553031167,no
22454611,no
46929510,yes
1100876221,no
299829539,no
800254010045235200,no
131499245,no
394758913,no
26468704,no
539190601,no
382901851,no
207114132,no
319029300,no
2178554890,no
781965044892524544,no
3679987464,no
301381979,yes
42123801,no
23060688,no
110001327,no
3354681201,no
261274640,no
1118203718,no
571557161,no
153250923,no
335150805,no
281911333,no
270942939,no
724405523039154177,no
198280861,no
24274762,no
39766228,no
54149487,no
2190895568,no
343116032,no
94410491,no
4184366817,no
93569492,no
594725182,no
232351715,no
479041151,no
2908108256,no
77321410,no
61218672,no
2171855560,no
126775981,no
545738250,no
430493995,no
134300648,yes
146366224,no
65677879,no
259311264,no
14270441,no
2402132041,no
16811143,no
109078643,no
15787103,no
17290429,no
636831884,no
293530588,no
240164412,no
45234672,no
543872908,no
488190692,no
16448937,no
117692606,no
90389307,no
22982668,yes
27510625,no
15702261,no
392144565,no
569374728,no
944969299,no
296356561,no
258077403,no
781596449549250562,no
2881248985,no
130365577,no
18774780,no
428190299,no
115183776,no
158477287,no
475286920,no
53428538,no
3284705058,no
1008060450,yes
43210034,no
52348435,no
223806253,no
26507776,no
66387028,no
19466398,no
786911784045256704,no
778378277740122112,no
4361782161,no
8922082,no
27969435,no
19440322,no
280200803,no
21310553,no
287891080,no
1536789132,no
87087057,no
568997840,no
793611086775803904,no
3318894126,no
66483383,no
134441618,no
2214993290,no
44331382,no
737119203056967680,no
1399656060,no
29848419,no
3383049221,no
132005269,no
31254311,no
15649238,no
19548229,no
100564102,no
1283793956,no
28931985,no
280370764,no
320756388,no
793877800289574912,no
2200072755,no
1186407745,no
230968607,no
401490814,no
27056183,no
3141756500,no
1631057065,no
719446423192866816,no
103091168,no
1341139117,no
100856463,no
3028048097,no
260303641,no
2896806238,no
3365770655,no
2605164456,no
22125090,no
2405816709,no
3419946779,no
422175328,no
191873398,no
792489392455708672,no
485556712,no
48938077,no
103140221,no
40251516,no
88541237,no
1433596662,no
384695518,no
3367422562,no
16423336,no
1568524057,no
1976287740,no
1600786148,no
29297130,no
614522642,no
2409373158,no
487585873,no
3529450754,no
214049826,yes
2850354907,no
2400350624,no
37408744,no
3393955781,no
1713084830,no
83242054,no
317774985,no
234641258,no
170651537,no
3318597149,no
109469032,no
619522261,no
1440700358,no
91070198,no
1366998474,no
3540809533,no
791069538347585536,no
2900082724,no
366738085,no
20503865,no
2802874982,no
2236566084,no
295614902,no
369724927,no
257533576,no
3223924074,no
26915435,no
1057665338,no
17833288,no
294662446,no
476779298,no
761804272958713856,no
801653160,no
16563829,no
118976585,no
25494375,no
430736630,no
194944968,no
78126698,no
101879535,no
84390105,no
820494696,no
529541551,no
273967198,no
1631096060,no
2372412859,no
249600784,no
27496143,no
473515989,no
146854424,no
2195033803,no
69484226,no
44106580,no
14751142,yes
173449565,no
798847842550829056,no
20585607,no
3377092467,no
22420712,no
1317501266,no
802170450,no
3234505548,no
26229798,no
755249551083122688,no
339832957,no
794384544426115072,no
86033862,no
25366235,no
515859292,no
2895257897,no
86746815,yes
565475223,no
281033582,no
2450096531,no
2897133662,no
28291808,no
2362291682,no
269450888,no
310914911,no
1666337360,no
160630312,no
191904310,no
17347849,no
243929223,no
2826533876,no
14207831,no
851509518,no
2372829579,no
42514015,no
388488683,no
100736255,no
543471698,no
61818847,no
205359286,no
163413904,no
2984476775,no
48569961,no
134019610,no
524390443,no
36278363,no
321634113,no
209180682,no
107422115,no
28397661,no
2488775060,no
1636351038,no
231471532,no
1018160642,no
93109565,no
50619528,no
58459311,no
317578850,no
611144567,no
85780379,no
2528477549,no
46695189,no
2455443731,no
423288644,no
470481043,no
3050694503,no
41087636,no
592952908,no
34433974,no
2744358077,no
627991062,no
834083874,no
60004557,no
23019151,yes
16470450,no
79378269,no
235546963,no
61323080,no
23537720,no
999342018,no
75603588,no
44302010,no
88283194,no
928582825,no
33572294,no
48040595,no
215054776,no
595728279,no
57493418,no
213667522,no
1688112752,no
985488008,no
20149406,no
19902151,no
23635205,no
369539092,no
3865114815,no
801442494793682944,no
23922408,no
604373512,no
69573818,no
81000458,no
787616782148366336,no
22477252,no
724573190,no
73984919,no
270396051,no
172626466,no
21528028,no
87379460,no
794742773672910848,no
351233763,no
20489626,no
21363503,no
86799484,no
797107888917532672,no
2222698471,no
20275190,no
789936647211196417,no
24585018,no
1971702318,no
15645220,no
17451918,no
323147180,no
1505880222,no
248367304,no
179021299,no
91804415,no
470412760,no
2774375013,no
1373354234,no
66302156,yes
15650995,no
507360196,no
52436759,no
115689804,no
2154729774,no
16096263,no
187116378,no
3864307895,no
14700303,no
774223682482868224,no
15601717,no
192038647,no
2386387016,no
273571191,no
426789868,no
24695389,no
84244507,no
26301862,no
1535853464,no
109942819,no
1149629384,no
58758689,no
592742670,no
16980347,no
282269833,no
2193433592,no
841448508,no
726316472947986432,no
2366888623,yes
2745442233,no
1640736770,no
1898668249,no
60634519,no
3002347059,no
1628265182,no
2438443749,no
31224604,no
800013150800052225,no
153161497,no
793286409071144960,no
2867774871,no
36413295,no
14156531,no
14326901,no
144895933,no
2960490260,no
444792256,no
2548466150,no
218516662,no
15378410,no
4473210739,no
797260509846401025,no
221111147,no
318051536,no
444100991,no
216663544,no
2235597007,no
468930314,no
21553468,no
2203777177,no
926503100,no
2685131954,no
15250896,no
423716129,no
558081498,no
471528103,no
403948926,no
417440374,no
964799808,no
25815563,no
2196597495,no
18499269,no
39890603,no
932656033,no
411343806,no
582981837,no
3313953347,no
14385307,no
82408713,no
315874821,no
19561081,no
263324889,no
40692308,no
71177611,no
543571642,yes
82570700,no
16242592,no
25087244,no
390663031,no
34210603,no
14804040,no
66737447,no
1117035426,no
288616007,no
19869133,no
19169076,no
787955435340963840,no
541225785,no
3501914299,no
160207018,no
85671767,no
1484214871,no
2512256175,no
2993107891,no
464864514,no
31467003,no
791304923841388544,no
3322188248,yes
422753927,no
2274222559,no
149080277,no
5723252,yes
282683778,no
3742475534,no
4764522918,no
271641644,no
141825371,no
13115722,no
27861041,no
2333986655,no
188909741,no
19711802,no
31192429,no
48062543,no
503768825,no
371499371,no
535206377,no
53949601,no
17665654,no
2981676459,no
15488009,no
6177832,no
76912915,no
2171653297,no
18933348,no
2890995413,no
616272054,no
737607555858325504,yes
2309319691,no
61212285,no
53364633,no
90911580,no
2383422907,no
798533033267642372,no
222950110,no
35424334,no
717874126745165824,no
55599346,no
2739083399,no
1341265634,yes
727015442729017344,no
277171700,no
109925929,no
21403218,no
57968421,no
50902973,no
700332933119414272,no
705020775166685184,no
793273269222797312,yes
760416523,no
536785489,no
1252833174,no
745963375,no
153715301,no
463147205,no
1491042913,no
328208429,no
3014240350,no
738104570132463616,no
54204517,no
370500323,no
18727375,no
182870719,no
36087548,no
14236062,no
20069339,no
2280852354,no
141671276,no
79725820,no
2353242859,no
746674676492013568,no
16703283,no
171158169,no
2411557254,no
93844331,no
788132640578605056,no
302787205,no
758859467223990273,no
185591130,no
16387631,no
1230093582,no
629790491,no
72036571,no
52882287,no
1886749518,no
2419698139,no
499189122,no
576407624,no
198569143,no
1904855725,no
786719672,no
38257249,no
75393640,no
118604678,no
156131053,no
74678948,no
227558783,no
444561240,no
1587800580,no
21293985,no
141385502,no
15691325,no
14518496,no
974229547,no
322212897,no
71279127,no
496421780,no
3126644265,no
577875585,no
3236383873,no
71001068,no
302803550,no
4841541257,no
21291789,no
211972025,no
110354554,yes
43189449,no
491426468,no
280924003,no
21614568,no
285564031,no
141124744,no
385293056,no
65857855,no
449446363,no
62507660,no
361615296,no
861323772,no
742381512004407297,no
100492517,no
369455905,no
798974954167554048,no
114051545,no
68657683,no
34930255,no
2404991192,no
41917868,no
2517601038,no
118712723,no
267381861,yes
738118316452089856,no
44622484,no
2431987241,no
574633767,no
2584960714,no
4557944566,no
156198324,no
723447037732118528,no
38219876,no
1126818205,no
788180958327496708,no
1307695656,no
439456118,no
737539309,no
249328403,no
2900955341,no
160932553,no
1210875679,no
425825960,no
207016716,no
18245601,no
1513256844,no
543742037,no
46697956,no
125650028,no
48450018,no
2790856567,no
50840885,no
734562935117361152,no
46663356,no
2184528630,no
118391492,no
381862475,no
135618194,no
1157715618,no
19412382,no
1860643051,no
723243194,no
1426939406,yes
953947501,yes
20269328,no
45045231,no
35226172,no
5756902,no
15182943,no
220411007,no
18990027,no
81449152,no
147917902,no
390715688,no
1001811912,no
200161095,no
21716485,no
104474276,no
103480345,no
134894526,no
16657113,no
39078109,no
22915745,no
51013278,no
50622864,no
409166295,no
770726787466878976,no
141514699,no
1539218622,no
1573710464,no
433633820,no
3939183493,yes
583353351,no
19181844,no
24595213,no
211600231,no
558197416,no
13476,no
234533874,no
302494107,no
18990229,no
62593407,no
243694590,no
737213190681989121,no
245323551,no
1513009609,no
719797334490619905,no
2600294483,no
1914166975,no
2798551179,no
165073789,no
178821926,no
2373077611,no
6090642,no
227765308,no
545872232,no
14850093,no
798264681919967232,no
2347280246,no
306349842,no
1549113302,no
100414514,no
362860027,no
14641347,no
237326469,no
274009512,no
186396137,no
2308783627,no
95201845,no
218100045,no
62304497,no
20501629,no
1665978758,no
25133328,no
4295867839,no
2832583026,no
4275197799,no
795997959796248576,no
1084312460,no
237925217,no
8699612,no
229489271,no
44138598,no
95119628,no
95410607,no
80417283,no
2194937514,no
39676291,no
100812916,no
174330911,no
375869690,no
89980430,no
26437630,no
14630611,no
5667022,no
2169251984,no
24787056,no
281666367,no
3250864230,no
3336074537,no
2551467398,no
2184830563,no
52962458,no
15797540,no
72244850,no
520645013,no
23432086,no
2504948270,no
226850196,no
64203120,no
1844190636,no
3301499319,no
348829793,no
376257732,no
488315933,no
63969944,no
75021813,no
3249969534,no
497265652,no
337668968,no
596074463,no
300472334,no
20735430,no
103119956,no
2244751172,no
467046076,no
18267432,no
724359440,no
23824476,no
1582680620,no
19416518,no
38679292,no
19764998,no
12241062,no
93964759,no
20142261,no
277677696,no
1247387130,no
19884529,no
25547524,no
20258179,no
296091321,no
432640011,no
773836591953477632,no
3234224554,no
2877029784,no
362107927,no
33252526,no
7959232,no
13785352,no
258080946,no
21850842,no
261894160,no
41457911,no
727790783437246465,no
721377902252683264,no
133372179,no
49424310,no
3195840757,no
794897603565649921,no
137088213,no
609106644,no
12228702,no
43866763,no
32927057,no
1880596854,no
23464616,no
2325499389,no
752446091166003204,no
3259730341,no
2920029551,no
103464555,no
199207325,no
29728106,no
46710008,no
733420123,no
59679253,no
2353497608,no
426690113,no
1074350893,no
27213120,no
121293034,no
3140414904,no
837872162,no
269145593,no
625542640,no
540223123,no
3295303734,no
220095890,no
22677368,no
13185272,no
34403734,no
211314838,no
772890069938081793,no
55160211,no
160675684,no
57911587,no
4435617194,no
1168891231,no
17857303,no
164157058,no
317771821,no
3709774034,no
795983076908298241,no
3988325908,no
2307380306,no
20624053,no
131875240,no
4149786681,no
775760642334679041,no
353946637,no
791621557,no
172256673,no
17214068,no
31734795,no
2698048315,no
4818190945,no
461108425,no
347469461,no
24179330,no
13338102,no
83923307,no
705298790,no
66642678,no
637224461,no
615138587,no
190760270,no
4242036260,no
186054723,no
273360234,no
131604312,no
6352002,no
1681422211,no
173142203,no
271101710,yes
782900988919160832,no
67412476,no
193571474,no
1638891619,no
2746580507,no
35058231,no
156365299,no
1977690018,no
391582041,no
61606664,yes
2903358217,no
4144281509,no
764506995013496833,no
732243207149355008,no
131804147,no
4264937254,no
41489388,no
54477310,no
251862943,no
348484311,no
3223932968,no
2519672255,no
17084827,no
1342169138,no
18365861,no
2531044879,no
29944970,no
145874524,no
22146994,no
2369633411,no
2230205780,no
47828355,yes
8244532,no
51304946,no
216172618,no
779706514160267264,no
3353258373,no
2789430008,no
83078534,no
1705468489,no
440069397,no
748311795731881984,no
218176653,no
720502068344201217,no
27070796,no
1143623798,no
3077621,no
22613878,no
18775623,no
791166101006585857,yes
319672097,no
376641182,no
219659582,no
20949326,no
440374871,no
430809048,no
128567981,no
1228287571,no
14927276,no
3027179751,no
24682331,no
21217122,no
2414858826,no
22195874,no
16388482,no
42853357,no
1146559795,no
111567872,no
120838314,no
1282440788,no
2197970570,no
25344410,no
370640708,no
264728194,no
164982238,no
397439537,no
508084280,no
347560553,no
313560239,no
17836921,no
203525025,no
204014561,no
3983451,no
2859701,no
3742966155,no
772002303050035200,no
273174529,no
269479048,no
1476239612,no
296995839,no
9506872,no
19105648,no
35811757,no
755083301358931968,no
39217139,no
20086466,no
345876460,no
337245834,no
451351464,no
1350309146,no
758270503983386624,no
434476472,no
496295882,no
43785941,no
151609819,no
359869433,yes
102629229,no
200962988,no
2348808775,no
8408412,no
1245377257,no
64897527,no
16999368,no
563818641,no
1708460220,no
69482012,no
16561291,no
16102387,no
15989935,no
280942428,no
2549966083,no
208290586,no
21850314,no
43597889,no
21145162,no
557978237,no
4619005656,no
387707304,no
192716218,no
2842757176,yes
1066864868,no
397526766,no
60428991,no
43205023,no
248361725,no
412218454,no
14286542,no
2998233178,no
339912317,no
160351387,no
910820724,no
893188008,no
1668987680,no
851645053,no
144054572,no
401417703,no
4881013240,no
48229732,no
59049313,no
401161236,no
103806631,no
3119433189,no
1279137632,no
624261402,no
431881426,no
15604020,no
481573383,no
3188314726,no
4482616212,no
1305569118,no
221463422,no
17631815,no
19422030,no
356630390,no
44441471,no
30164429,no
577095720,no
32167638,no
764079794,no
52110780,no
744869017,no
17207272,no
427732030,no
3793208116,no
300347019,no
219972908,no
281331624,no
31336494,no
1171510662,no
2755420775,no
744083353431908352,no
444045584,no
322230922,no
23340607,no
96286076,no
213690076,no
2312379978,no
65368080,no
1447445948,no
1182971527,no
2449898280,no
2491153886,no
840539215,no
22668418,no
1578211250,no
339864755,no
163312261,no
20677803,no
600461531,no
15855472,no
30239798,no
82205347,no
929624545,no
160500308,no
706169419718733824,no
83441084,no
794834856513388544,no
3958952128,no
4536647685,no
1515611550,no
583441494,no
61538591,no
1417638818,no
2365043832,no
190020863,no
754614798600503296,no
399537469,no
266253359,no
69642979,no
20628114,no
2396008338,no
21312221,no
24450222,no
15977008,no
251848896,no
106843636,no
32131007,no
164623724,no
20479369,no
21875869,no
470228513,no
811611757,no
4906670200,no
58319911,no
3315701423,no
32193407,no
79023303,no
13471202,no
2473033850,no
2528223968,no
3150289771,no
330075667,no
20983939,no
43617802,yes
129120198,no
732670136671313920,no
30992650,yes
467330944,no
45573099,no
472489822,no
27840175,no
1869335738,no
269818273,no
1924142779,no
39879551,no
16031661,no
499464698,no
19857548,no
2824549028,no
4487288773,no
2310997442,no
126035165,no
853878218,no
328797772,no
791953070850646016,no
47314415,no
255670226,no
126275079,yes
3234094484,no
299621613,no
11921652,no
1661750371,no
244877786,no
62882873,no
186780458,no
10676462,no
778722474,no
3296969429,no
1219487846,no
97826794,yes
952983349,no
51121673,no
344023011,no
2610038828,no
246987245,no
21287437,no
86762070,yes
870597439,no
367676040,no
700157188,no
1882693742,no
122537223,no
1091048630,no
35447423,no
318695981,no
612578693,no
17323794,no
47747133,no
236649070,no
20868424,no
11037952,no
4230218615,no
49449084,no
29835008,no
1267884572,no
34669158,no
308668205,no
991586528,no
38315571,no
4040003793,no
182037498,no
87690895,no
156302205,no
127919462,no
541238494,no
2735624285,no
1017832603,no
21175271,no
108500760,no
333520303,no
592612817,no
899940428,no
15401714,no
558836355,no
17656588,no
34602739,no
717747938684977152,no
166639440,no
759836276421857280,no
2748575021,no
182798124,no
15381530,no
286235883,no
15435643,no
372419089,no
175408947,no
797604666951528448,no
1716777709,no
793458123344261120,no
14961827,no
75980633,no
227640177,no
80354812,no
3195003018,no
96982320,no
23695124,no
305814105,no
713576561799094272,no
68977795,no
4412017879,no
721245979920461824,no
1663760480,no
754848602,no
228269319,no
2559611154,no
796009500599721984,no
225664678,no
34916196,no
21391898,no
45659327,no
142336132,no
160671279,no
45854707,no
236698395,no
26098474,no
3177063691,no
60761780,no
558637678,no
259878118,no
17001077,no
2963141866,no
759703987,no
2229240523,no
168418392,no
4593154519,no
3459096634,no
1443351012,no
173736457,no
794216898644869120,no
19451813,no
18450619,no
753581555008823296,no
15553071,no
889230312,no
141271246,no
415019975,no
9614422,no
217198836,no
1589158129,no
2176387967,no
566379370,no
230188261,no
1887321529,no
44544430,no
4119844480,no
998124780,no
3834264970,no
329318603,yes
17472111,no
384856258,no
91364966,no
32591879,no
4755678875,no
112759229,no
3646971856,no
123250518,no
218047455,no
720648488594366467,no
624701300,no
3226056694,no
15615730,no
795959099070365696,no
719331920857829376,no
715998799202750464,no
17055218,no
59553464,no
20358234,no
40817603,no
437137140,no
1025536741,no
331026898,no
15506142,no
356247727,no
602022438,no
1510968974,no
1034809063,no
89850915,no
30260663,no
1413124490,no
151471706,no
64041474,yes
81979954,no
15811626,no
2604376542,no
4866517145,no
18113347,no
23116122,no
216233305,no
2307975359,no
7795092,no
35409565,no
43047860,no
898243878,no
156623701,no
838450579,no
365682763,no
241671334,no
2865599865,no
231052516,no
331481523,no
1193371062,no
199751278,no
321395977,no
713036018,no
221771774,no
790552200485437440,no
35494613,no
103596223,no
77433338,no
22770097,no
785653,no
117163213,no
24038624,no
93693594,no
142202059,no
351687001,no
18862091,no
40614975,no
294079690,no
3034784285,no
633802063,no
2499251182,no
68909542,no
20436976,no
4099919249,no
159850097,no
323274346,no
2688190572,no
401160259,no
793853432138432512,no
2780953026,no
129126829,no
122259179,no
359169330,no
15621893,no
416613533,no
6438972,no
11346592,no
411518320,no
735773211451760642,no
31692855,no
290270216,no
882749053,no
30757978,no
2196545082,no
348844543,no
59888177,no
2884331459,no
1970607968,no
42747982,no
50972311,no
2467103148,yes
3091359827,no
48826221,no
272215307,no
126798896,no
119640490,no
21160241,no
4869114503,no
65445499,no
115908468,no
47687512,no
176095861,no
84043963,no
27840856,no
285198348,no
1737098306,no
2471428339,no
33923441,no
172809356,no
259653951,no
9600062,no
243716471,no
447433286,no
1110962058,no
373275893,no
2395197084,no
1955591882,no
600235351,no
305186800,no
21507214,no
393360279,no
189968838,no
1716675360,no
92705421,no
637265184,no
213060183,yes
145299291,no
1548937333,no
4647236601,no
161705768,no
68270085,no
520562823,no
39108601,no
2745156795,no
272464645,no
741736258087555072,no
108515417,no
184279729,no
194671239,no
4024809735,no
41520101,no
265630855,no
200917395,no
20947704,no
60366538,no
2628794032,no
1648631244,no
141121479,no
2322723822,no
1708132520,no
493514962,no
634866870,no
39261405,no
93735702,no
25195037,no
877933230,no
30069494,no
2273329645,no
166473207,no
157754047,no
3232151900,no
248009855,no
192548875,no
381370193,no
585904856,no
347748696,no
71308901,no
2857602875,no
19493996,no
30695736,no
85103117,no
181956696,no
295778258,no
26320902,no
23463284,no
103596643,no
63707171,no
162682950,no
2259222409,no
49401720,no
379579464,no
435529602,no
22318800,no
69951475,no
21234862,no
152239459,no
225238649,no
36328605,no
19466684,no
523766861,no
14919697,no
14482449,no
2546490091,no
3310450169,no
382387180,no
57179065,no
121136472,no
394562795,no
177671387,no
2193608857,no
2274181766,no
4827082615,no
68398349,yes
28450322,no
1259743393,no
2875793995,no
36195921,no
78002484,no
172138310,no
66470444,no
179054039,no
898162058,no
2969498045,no
49576954,yes
242931055,no
798143442685755392,no
783693715680403456,no
1724102322,no
67008051,no
605164440,no
2326570559,no
537228017,no
111682405,no
18717602,no
63865488,no
2794739447,no
3375721527,no
270940424,no
118378294,no
792816445637926912,no
32208796,no
23422823,no
456107269,no
1101591,no
68085362,no
23367000,no
104549508,no
14664983,no
362037835,no
239930106,no
398764645,no
289820134,no
19554418,no
710657908606951424,no
97015006,no
85868833,no
751094263870545924,no
96373498,no
780965092582051840,no
153740950,no
84824488,no
970657332,no
22623668,no
733334988897148928,no
131460274,no
2357637074,no
314686291,no
28559574,no
50601606,no
134810256,no
394901408,no
546341968,no
2920314764,no
280615672,no
284157036,yes
232497806,no
590197001,no
356667027,no
3241686193,no
132345637,no
111109304,no
1199773272,no
150754343,no
1916791734,no
1079912580,yes
200720939,no
219329655,no
409283690,no
42043027,no
23497718,no
319104368,no
16543736,yes
47334501,no
27104864,no
23637312,no
262505398,no
548994187,no
3181077277,no
3265817404,no
318855988,no
26972672,no
51146497,no
54165456,no
2557264910,no
219930660,no
2960180055,no
124711644,no
778629076940500992,no
928763503,no
43010405,no
506169734,no
704642483108634625,no
2161691195,no
150700993,no
361310741,no
954785119,no
1163326477,no
305743837,no
774544186922061825,no
410965903,no
286743424,no
789691149459914752,yes
286122382,no
1543065206,no
45559550,no
2352468495,no
1335117152,no
16606729,no
3246859205,no
1362528962,no
221747817,no
1253014562,no
298701234,no
2614073504,no
3692739732,no
175322072,no
4387461,no
350308945,no
170352544,no
33553251,no
3258168487,no
524784220,no
1495902908,no
52119798,no
1570475924,no
516556488,no
1244072876,no
27404471,no
1466110303,no
325527178,no
26300486,no
4927024383,no
145173032,no
20110100,no
2666930880,no
16554812,no
545766641,no
584718381,no
577565852,no
946375664,no
1552602110,no
768680968114667520,no
102119049,no
20620547,no
3082851141,no
19815917,no
17493016,no
15309467,no
124404304,no
91398387,no
20490825,no
942113252,no
15105778,no
1602373866,no
256772298,no
15256454,no
827944189,no
50692708,no
393944957,no
494325849,no
94583597,no
19183252,no
98376265,no
81051961,no
4706170160,no
310982277,no
29575514,no
946467277,no
269668728,no
2309826526,no
204496582,no
17614296,no
18692122,no
173697045,no
127216617,no
219151894,no
77020260,no
1171182668,no
479937744,no
499136457,no
17463956,yes
244497804,no
2369922028,no
342665159,no
25805398,no
22156838,no
1189778617,no
784841798757867521,no
61238575,yes
83611804,no
3072746393,no
142367546,no
70018697,no
4417845858,no
489094745,no
44578594,no
334116390,no
253328356,no
120686214,no
36011910,no
2645861,no
33933098,no
83776043,no
4099659113,no
238364511,no
756017336818237440,no
28562478,no
4818310072,no
417076593,no
4893071304,yes
2772294399,no
30420973,no
17516862,no
2601361880,no
631922808,no
552885703,no
4382170643,no
262822356,no
376996665,no
2896685807,no
14244836,no
40573844,no
16059827,no
182811243,no
1023375762,no
109957953,no
558779605,no
345406700,no
196950879,no
729319744206188544,no
2255625337,no
15994251,no
2386909909,no
97881047,no
1968680929,no
2448319279,no
197987603,no
191715267,no
17222771,no
251866080,no
506067767,no
16669765,no
359416945,no
3046666154,no
1752073602,no
231139305,no
493476670,no
17757282,no
40552570,yes
177603947,no
240081508,no
56059079,no
82282101,no
52867382,no
57003130,no
481447542,no
789125708039749632,no
1806671,no
1264262994,no
780110020461596672,no
182114612,no
1859308328,no
2189027816,yes
87118044,no
752856230,no
3554680156,no
221713592,no
457331282,no
1566707948,no
774695745169477632,no
208016798,no
1678832478,no
117560528,no
787917251273953281,no
28798043,no
38803772,yes
116743167,no
3066866387,no
26503214,no
2519967950,no
1231623577,no
87540344,no
2313841107,no
384695895,no
782849072524775424,no
3098204839,no
860495726,no
2816704757,no
3304100556,no
459694718,no
878427038,no
3784437202,no
48944680,no
35005291,no
3879021226,no
2852941692,no
101057732,no
126899504,no
1171440462,no
1711776426,no
38976197,no
127661496,no
459525738,no
558055764,no
379326796,no
88292193,no
198896010,no
1020993602,no
398455903,no
70103189,no
22613689,no
746589308333789185,no
21338481,no
49263856,yes
15786675,no
719030791,no
7378852,no
30682661,no
84811314,no
2873102303,no
387505752,no
34338886,no
221163576,no
17704691,no
96631103,no
305857840,yes
68553165,no
3051678036,no
2784202105,no
473979454,no
493598270,no
22311439,no
166379619,no
520776085,no
3029158180,no
367548797,no
3023752657,no
80040576,no
121513127,no
1497020376,no
128997218,no
2622077688,no
16101134,yes
88738596,no
275426669,no
48177896,no
157978194,no
20940696,no
57842789,no
1332619080,no
4830373930,no
729118616,no
213917715,no
16267103,no
237992556,no
3298142167,no
66504207,no
41813471,no
155014004,no
2927219833,no
158901096,no
101431978,no
2874127983,no
295751809,no
546353974,no
103607051,no
775262923,no
560573206,no
22146910,no
255613732,no
2901505328,no
108139168,no
188048561,no
804709879,no
163289933,no
18419676,no
236232616,no
132710839,no
26750358,no
515780607,no
2786115835,no
294719044,no
34282723,no
1299813354,no
2912840879,no
701970283620470785,no
349475342,no
111311425,no
42421429,no
14511397,no
103686271,no
347425053,no
1198945374,no
69755865,no
15190396,no
102357306,no
424817850,no
189757474,no
35052433,no
50294443,no
280209413,no
14642815,no
370711133,no
1957347541,no
1914640352,no
20039132,no
180331674,no
49750455,no
36727437,no
18801710,no
38855987,no
277017869,no
14478142,no
28657265,no
738077241599352833,no
522768886,no
799399130,no
279596242,no
14579180,no
54653562,no
18347016,no
15778256,no
40231154,no
1184676811,no
545174209,no
312942948,no
102148856,no
143616096,no
44645600,no
20045431,no
697098786942885888,no
173297485,no
3528407837,no
775337026300186624,no
736905580426715137,no
8470242,no
1310112145,no
18810267,no
381917815,no
41649344,no
3379553531,no
2414585990,yes
2978509899,no
70115193,no
2538269001,no
3550255215,no
23987086,no
263702645,no
179182763,no
15541644,no
15509365,no
99487477,no
140830425,no
1598735474,no
56868544,no
41098730,no
55194764,no
127186083,no
53454531,no
2242214617,no
13220972,no
47168113,no
329538941,no
543778131,no
3941204535,no
1619221243,no
16359947,no
114342489,no
125043881,no
3378554417,no
57764758,no
943276956,no
1964114473,no
31185223,no
286878865,no
23831269,no
17893066,no
1648042608,no
26868028,no
767808602,no
362667394,no
983468796,no
131171272,no
27148620,no
428200563,no
5654472,no
94245683,no
518389533,no
4111464136,no
155809091,no
21998279,no
161449578,no
1923986118,no
418264644,no
230094546,no
230429587,no
950549930,no
130542674,no
1947445350,no
129697885,no
236486106,no
2796657390,no
3314867829,no
102611957,no
779492010,no
47560962,no
45072856,no
377866568,no
20538918,no
21757700,no
994752650,no
4539304393,no
55369308,no
2841151,no
147466515,no
991453406,no
7953342,no
911933083,no
129160124,no
36906757,no
902137872,yes
138605435,no
302051431,no
716687022719676416,no
569410380,no
26787826,yes
148709111,no
65701751,no
366070192,no
1071362384,no
30449971,no
1055297540,no
5468322,no
90831171,no
594293037,no
268043511,no
20538964,no
75864539,no
30839985,no
14174259,no
216284532,no
359026224,no
74783759,no
2586634320,no
26580403,no
130286785,no
3760127177,no
2706101936,no
2663928969,no
2471882927,no
1658664860,no
147572461,no
2856962985,no
2963859957,no
1214335602,no
256552743,no
96366635,no
381335338,no
2671534411,no
51395884,no
2955606547,no
14750654,no
174933353,no
949371420,no
3404642662,no
384176726,no
14485559,no
176880919,no
165612240,no
210462093,no
3379619679,no
8893542,no
24939660,no
572895542,no
263268515,no
269038631,no
1655530248,no
25151772,no
62872680,no
16049859,no
40769391,no
23845398,no
19756713,no
4693680386,no
313823505,no
778257690833391616,no
847564946,no
236144624,no
28580927,no
221560503,no
374110134,no
792792450737864704,no
630450707,yes
716850865,no
319125721,no
96691829,no
3236138867,no
358929393,no
3022121611,no
2325986832,no
66205268,no
91489196,no
39453137,no
549472967,no
259594608,no
147460928,no
48143227,no
21968919,no
737966534656675840,no
14751199,no
385332429,no
1723815079,no
735237505,no
4380411,no
383083991,no
16630250,no
281620069,no
74426342,no
23923212,no
2501882556,no
320275261,no
880742886,no
14909182,no
139165916,no
33763825,no
561635424,no
80940944,no
23323328,no
338064537,no
2354415577,no
3356605072,no
344299153,no
50371199,no
184531361,no
2430635995,no
786212672194813953,no
29684260,no
39454604,no
35541189,no
21287456,no
160933502,no
2960171321,no
1300002864,yes
2227855403,no
5948982,no
195814998,no
768287467,no
432735153,no
152727557,no
357401070,no
1021201022,no
776052532279848961,no
2204688295,no
1431216638,no
560133053,no
2361238934,no
1412117684,no
2969536731,no
772544294137630720,no
277408746,no
76047938,no
12144232,no
54507491,no
157560205,no
101976764,no
618236025,no
19968342,no
581116722,no
255584314,no
328355214,no
457415010,no
120487125,no
62814508,no
700913978613112832,no
259958445,no
2871931827,no
843646129,no
534674922,no
19211774,no
14761966,no
1675654579,no
166821407,no
2911144645,no
755649698921345024,no
206062743,no
36175296,no
135954665,no
739160998221914112,no
416247723,no
261427312,no
14291504,no
1688175043,no
1222472503,no
457678620,no
269701093,no
72068059,no
4898726015,no
20754085,no
3294994543,no
88667806,no
15458897,no
106544864,no
471602996,no
214502537,no
195901676,no
2203277137,no
245913277,no
791732926387884032,no
1170556975,no
768214341246078976,no
16169825,no
3198506329,no
842317388,no
2246728718,no
2983132720,no
3380629378,no
21796074,no
1422404605,no
20942419,no
16293078,no
1451301258,no
87422232,no
1411316072,no
159263436,no
2877527307,no
282585489,no
1709424714,no
114314460,no
82644975,no
284075387,no
46408133,no
762683882940534784,no
729424684631130112,no
51267605,no
3822557232,no
180726357,no
90481271,no
4756047517,no
169523430,no
96495092,no
536178856,no
20473822,no
23830952,no
2994595354,no
1583722038,no
63919977,no
737858729354350592,no
25338634,no
50806371,no
87778658,no
813912673,no
615740736,no
3676929742,no
976104690,no
20170791,no
3011736662,no
157427871,no
14454583,no
158632671,no
3811502293,no
180854053,no
156226234,no
20158291,no
4494066677,no
2197473794,no
468476916,no
91730206,no
252516093,no
4173288262,no
796054803608731648,no
2880216619,no
3060203176,no
17126306,no
3131039308,no
227778757,no
121318872,yes
561449171,no
559985798,no
39981806,no
37954509,no
19059957,no
21205770,no
193235019,no
69927346,no
308739087,no
339010888,no
236599759,no
229832770,no
565037272,no
311519412,no
1526183060,no
4758727915,no
768817137825746944,no
2344654473,no
2966696381,no
121735661,no
2207960883,no
777549258,no
403009918,no
286908988,no
922791229,no
20481696,no
2575842129,no
214050964,no
18441486,no
2895429625,no
156664343,no
290553151,no
68347623,no
46324534,no
68668048,no
29207516,no
216460216,no
271211673,no
1387267123,yes
18438538,no
128257538,no
40128465,no
39481349,no
247724605,no
2436478914,no
108623154,no
18220706,no
72573,no
353661043,no
125271226,no
255806428,yes
53991200,no
2548386882,no
11499522,no
112242731,no
437669623,no
26475128,no
3447333252,no
36714114,no
230626212,no
33490437,no
30112164,no
2876804250,no
144417801,no
194954782,no
351776318,no
247788684,no
27426298,no
8740862,no
274962690,no
771359221988360193,no
2809021005,no
19064035,no
30498075,no
20385487,no
719489537261625344,no
220146294,no
1650635150,no
1895193422,no
2366161788,no
282566279,no
145830764,no
96946861,no
102688383,no
214587100,no
1231247078,no
19265076,no
758490370309107713,no
792393702119387136,no
122193273,no
2923088181,no
116431320,no
902571277,no
2906630166,no
72844074,no
2304793073,no
2996230871,no
102404229,no
345772038,no
57288504,no
45396140,no
517127347,no
799701757852930048,no
69388587,no
20945399,no
578426523,no
588605404,no
38640756,no
785917438189670400,no
203874607,no
283512386,no
23756473,no
822491196,no
987010334,no
155537738,no
28249599,no
21645556,no
87221932,no
1331094420,no
9238852,no
50804007,no
1719443911,no
23463042,no
66303237,no
2217949208,no
146474152,no
589334855,no
736300030664028160,no
76794335,no
2176836186,no
88655939,no
40713544,no
613496890,no
1188929052,no
463819805,no
36136637,no
166720784,no
4787662932,no
794882735416348672,no
707304050367275010,no
3018271286,no
14689526,no
160624276,no
250214902,yes
729370670,no
24328214,no
922362608,no
53550098,no
15289170,no
4119838889,no
363083937,no
36302301,no
260369563,no
21255461,no
1635662430,no
13889932,no
62618082,no
599445692,no
15519893,no
236301546,no
715810118,no
257320677,no
374212382,no
1876523509,no
36746331,no
258997692,no
1885833912,no
65417675,no
25966361,no
558909704,no
1295519514,no
779291112523661312,no
253639180,no
4687878373,no
108883864,no
564961562,no
353899980,no
158026443,no
449167563,no
315896451,no
89697010,no
538160189,no
459414811,no
14943592,no
1410218906,no
176357673,no
1182576343,no
63519694,no
2382556428,no
50031538,no
4892425227,yes
103916371,no
118934371,no
575936418,no
325539957,no
15855611,no
1201417339,no
12354332,no
20360248,no
4442301695,no
1196145949,no
255946292,no
3064134913,no
14934017,no
18240730,no
90510002,no
62589198,no
26034446,no
23575224,no
19980549,no
122415060,no
2166638604,no
735171454803709953,no
91451275,no
1098487784,no
21352952,no
2789078416,no
518082535,no
1236535040,no
2233256971,no
3292659112,no
174731651,no
2737214268,no
362726350,no
33686448,no
48097506,no
70391352,no
2316530562,no
3078052982,no
941329873,no
301131509,no
394977649,no
768077134095118337,no
982064118,no
68279679,no
183154868,no
275649940,no
96930446,no
61374037,no
258270982,no
22521482,no
22563632,no
2214797696,no
50875045,no
14788643,no
2849750228,no
719234059826647040,no
241815281,no
53642460,no
193060294,no
1379501556,no
133856231,no
117022992,no
97359917,no
367853187,no
49102538,no
3347038577,no
1935401510,no
3167681303,no
262511433,no
1477351771,no
2438518389,no
3075575168,no
2690680790,no
725787705158852610,no
410966708,no
175745790,no
1690554211,no
54692356,no
136149094,no
19016723,no
199366565,no
27668767,no
180449239,no
2799493600,no
132216274,no
197598528,no
14735760,no
724529047254917120,no
18596959,no
77827976,no
800813617,no
67290915,no
2851697636,no
2242138508,no
2515080404,no
957140720,no
61202914,no
345043590,no
514784292,no
724043072,no
3084947981,no
1433151373,no
426482020,no
1149784848,no
150627558,no
231242626,no
1685411,no
59858166,no
336926278,no
768095886270312448,no
21883908,no
3083801656,no
748135591582261248,no
71302070,yes
1603957266,no
720811218508849152,no
901169144,no
11622902,no
17637584,no
2180360617,no
132802580,no
1386347844,no
306265272,no
2478278258,no
386805146,no
241997922,no
770606189839126528,no
1577510622,no
3255152359,no
2526234165,no
72958325,no
259519790,no
562366927,yes
37946234,no
706566780,no
3491410174,no
443128256,no
46719444,no
349933614,no
219820054,no
3092498920,no
317698183,no
142243378,no
15374193,no
3191823195,no
588300950,no
29010115,no
122909921,no
214124030,no
1028934518,no
28594407,no
6546732,no
2790046598,no
2278059685,no
19935499,no
384493607,no
740933246,no
343594988,no
14529167,no
188550573,no
101568093,yes
319457278,no
4176798072,no
2488873374,no
28417220,no
3304637221,no
47039868,no
1873374613,no
1873846074,no
2197911244,no
2879605897,no
26101911,no
3120281874,no
567602439,no
797507517202870272,no
2238884626,no
4794504674,no
433323017,no
2296482313,no
19667982,no
1142708088,no
1252182044,no
1250127331,no
23453831,no
434485895,no
194456264,no
3437248218,no
43406190,no
239057382,no
30981617,no
14511067,no
2369485963,no
3147626639,no
13882422,no
477988545,no
17561692,no
394097716,no
2907183455,no
2527805071,no
274112548,no
7846672,no
95938737,no
22266982,no
2734836958,no
14873714,no
362247601,no
249520069,no
716858894,no
1202674068,no
70730074,no
56783725,no
16453403,no
137862377,no
274525496,no
874681382,no
238576433,no
20973783,no
1675908295,no
45646219,no
16611081,no
2685923779,no
990333956,no
2403231494,no
3674647996,no
20299053,no
385528206,yes
1454746249,no
636403583,no
163000247,no
2685945696,no
18339499,no
549814903,no
4126939212,no
2329223456,no
15813022,no
20073579,no
801408219612676096,no
2505523524,no
3430619985,no
16660484,no
85741735,yes
11892672,no
18821935,no
60760606,no
29980396,no
2515586548,no
235644674,no
68148241,no
308067726,no
46162630,no
271216207,no
298726497,no
16159321,no
163963199,no
1543201405,no
272125098,no
260259473,no
2890200662,no
298032377,no
1036909446,no
3010608646,no
23546932,no
707773370,no
17836135,no
3433143912,no
901548582,no
226868965,no
913358126,no
311571280,no
263877050,no
143515471,no
55165270,no
278516937,no
298791247,no
86668987,no
395496665,no
2473987760,no
705857618,no
2783422992,no
1272524941,yes
20948750,no
1660953337,no
42084462,no
368787683,no
360659460,no
56126488,no
2750197015,no
204431120,yes
75684570,no
3428866408,no
234734455,no
41913687,no
1350682064,no
3046020204,no
404765674,no
19563380,no
102578904,no
374735949,no
14725241,no
33829621,no
485223335,no
574136897,no
72701241,no
379378914,no
45261250,no
717836426,no
3912881660,no
619897829,no
90014982,no
97355940,no
2971762210,no
1639136594,yes
2541708894,no
209702451,yes
729613069,no
1628707292,no
95632269,no
338778213,no
234411699,no
2488667779,no
798486528,no
25429629,no
40679962,no
15151130,no
35890164,no
801436617475035136,no
5876692,no
42763619,no
1112166661,no
356677104,no
255935729,no
84115838,no
3329627669,no
110614239,no
344633710,no
162089681,no
1497371880,no
3089388027,no
149205496,no
133676329,no
339264344,no
780926815,no
14338005,no
36667966,no
2569727633,no
247494076,no
4676322578,no
2698629504,yes
741872860407431168,no
2151837433,no
125675649,yes
489827888,no
71629161,no
3115576627,no
703924902,no
18462436,no
160435815,no
307026383,no
756911903780249600,no
3081295815,no
105833961,no
863823704,no
20903962,no
5522162,no
71186880,no
1978731926,no
6295782,no
1532349217,no
35857831,no
700413748587134976,no
1272912847,no
1431766428,no
764119741053046784,no
115635864,no
12990382,yes
20725104,no
93036950,no
101381642,no
1142012113,no
231233965,no
2177400811,no
189676384,no
156060699,no
2198497396,no
23153717,no
65671766,no
108289005,no
114421715,no
14165197,no
21146356,no
218139202,no
192924183,no
2169616619,no
4053768057,no
19236015,no
140830709,no
3758506395,no
2960386147,no
116394463,no
2559174822,no
90856120,no
176117605,no
32068339,no
2755015264,no
1681209787,no
1894226707,no
14623584,no
27530984,no
865852027,no
385203042,no
2216569016,no
